{"coco/AP": 0.0016714683611376488, "coco/AP .5": 0.01523909809937183, "coco/AP .75": 2.569583353622335e-07, "coco/AP (M)": 0.001976916604879965, "coco/AP (L)": 0.0015564193435008888, "coco/AR": 0.015161396651990677, "coco/AR .5": 0.11653285616744756, "coco/AR .75": 2.3544369364066585e-05, "coco/AR (M)": 0.01641025641025641, "coco/AR (L)": 0.014015083497934996, "data_time": 0.04752384808408209, "time": 0.35112332166677496}