{"coco/AP": 0.0, "coco/AP .5": 0.0, "coco/AP .75": 0.0, "coco/AP (M)": 0.0, "coco/AP (L)": -1.0, "coco/AR": 0.0, "coco/AR .5": 0.0, "coco/AR .75": 0.0, "coco/AR (M)": 0.0, "coco/AR (L)": -1.0, "data_time": 0.570559024810791, "time": 24.026450634002686}